plan	for	primitives	parameters	animation	examples
fusiform	Torpedo fish	Lathed spindle body; dorsal, anal, paired pectoral and pelvic fins as tapered quads; caudal fin by tail_type	length, girth_ratio (0.15-0.35), head_ratio (0.2-0.35), tail_type (forked/rounded/lunate/pointed), dorsal_count (1-2), fin_scale, eye_size, mouth (small/under/gape)	Traveling sine along the spine, amplitude rising to the tail; pectorals sweep on turns; gill flare on attack	Sardine, barracuda, tuna, grouper, wrasse
compressiform	Deep-bodied fish	Lathed body squashed sideways (girth_z 0.3 x girth_y); tall dorsal and anal fins; small caudal	length, height_ratio (0.5-0.9), fin_height, eye_size, stripe_count	Body rocks side to side rather than sweeping; fins flutter	Angelfish, butterflyfish, triggerfish, surgeonfish, cardinalfish
anguilliform	Eels, worms, ribbons	A tube swept along a spline of 12-24 segments; continuous fin ribbon; no pectorals (eels) or none at all (worms)	length, segments, girth_ratio (0.04-0.12), fin_ribbon (bool), head (eel/worm/lure), jaw_hinge	Full-body undulation with 1.5-2.5 wavelengths; a strike straightens the front half in 0.2 s	Moray, conger, cave eel, oarfish, bobbit worm, ghost worm, the Wyrm
depressiform	Rays, skates, flounders	A flattened disc (lathed ellipse, girth_y 0.1) with wing edges; a whip or paddle tail	span, disc_shape (round/diamond/kite), tail_type (whip/paddle/none), eye_top (bool), barb (bool)	Wing-edge wave front to back; rests by settling into silt with a particle puff	Stingray, manta, whip ray, electric ray, deep skate, flounder
shark	Sharks	Fusiform with a heterocercal tail, 5-7 gill slits as ink lines, pointed snout, triangular dorsal	length, girth_ratio, snout (pointed/blunt/hammer/goblin/frilled), dorsal_size, gill_slits, tail_upper_ratio	Stiff-body sine (low amplitude), tail does the work; rolls the eye on bite; pectorals drop as a threat display	Bull, tiger, hammerhead, sixgill, goblin, blacktip, nurse
turtle	Turtles	A domed shell (lathed hemisphere with plate ink lines) over a flattened body; four flippers or legs; retractable head	length, dome_height, plate_pattern (scute/leather), limb (flipper/leg), neck_length, beak (bool)	Alternating flipper strokes; head retracts on hit; shell is the armored front	Green, hawksbill, loggerhead, leatherback, hadal, snapping
crocodilian	Crocodiles, caimans, monitors	Long jaw (two hinged wedges), armored back (rows of scute quads), four splayed legs, a tapering tail	length, jaw_ratio (0.2-0.3), scute_rows, leg_length, tail_ratio, eye_ridge	Lateral tail sculling in water; sprawling gait on land; death roll is a full-body spin about the spine	Saltwater crocodile, Nile crocodile, cave caiman, pale caiman, water monitor
snake	Sea snakes, kraits	Anguilliform with a paddle tail, distinct head, and banding ink	length, band_count, head_ratio, paddle_tail (bool)	Undulation; coils before a strike (S-curve), then straightens	Banded, olive, cave, temple, abyssal snakes
crab	Crabs, lobsters, isopods	A carapace (lathed dome or box), 8 legs of 2-3 segments on IK, 2 claws (lobster/crab) or none (isopod); antennae chains	width, carapace_shape (round/box/segmented), claw_size, leg_length, antenna_length, spines (bool), decoration (bool)	Sideways walk on IK legs; claws raise as a tell; isopods roll into a ball	Fiddler, hermit, spider crab, lobsters, isopods, the Lobster
shrimp	Shrimps, mantis shrimps, amphipods	Segmented arched body of 6-8 lathed rings; fan tail; long antennae chains; raptorial arms (mantis)	length, segments, arch, antenna_length, raptorial (bool), transparency	Tail flicks propel backward; mantis punch is a 2-frame snap	Cleaner shrimp, glass shrimp, mantis shrimp, krill, amphipods
cephalopod	Octopus, squid, cuttlefish	A mantle (lathed egg or cone), a head with two large eyes, 8 arm chains (plus 2 tentacle chains for squid), fins (squid/cuttlefish)	mantle_length, mantle_shape (egg/cone/round), arm_length, arm_count, fin (bool), eye_size, chromatophore (bool)	Arms are Chains driven by the body; jet pulse compresses the mantle; chromatophore flash is a palette pulse	Octopus, squid, cuttlefish, blue-ring, dumbo, colossal squid
jelly	Jellies, siphonophores, anemones	A bell (lathed hemisphere, translucent material) and tentacle chains; siphonophores are a chain of bells	bell_diameter, tentacle_count, tentacle_length, translucency, bell_count (siphonophore)	Bell pulse (squash then stretch); tentacles trail as Chains	Box jelly, moon jelly, man o' war, deep jelly, siphonophore, anemones
amphibian	Frogs, toads, newts, salamanders, olms	A broad head with a hinged jaw, four legs (frogs: long hind), smooth skin material; tail (newts, salamanders) or none (frogs)	length, head_width, leg_type (frog/salamander), tail (bool), gills_external (bool), skin (smooth/warty)	Frog: sit, then leap; salamander: lateral gait; tongue is a fast Chain extension	Toad, frogs, newts, olm, giant salamander, lab salamander, axolotl
pinniped	Seals	Fusiform mammal with a blunt head, whisker ink, two front flippers and joined hind flippers	length, girth_ratio (0.3-0.4), whiskers (bool), bull_nose (bool)	Rolling swim with front-flipper strokes; hauls out with a belly hop	Monk seal, elephant seal
cetacean	Whales, dolphins, orcas	Fusiform mammal with a horizontal fluke, a blowhole, dorsal fin, pectoral paddles	length, girth_ratio, dorsal (tall/curved/none), fluke_span, melon (bool), head (beak/blunt/block), patch_pattern (orca)	Vertical (up-down) sine unlike fish; breaches; clicks are a head-shake particle burst	Dolphin, humpback, sperm whale, the Matriarch
insect	Insects, spiders	A segmented body of 2-3 lathed segments, 6 (insect) or 8 (spider) IK legs, optional wings (quads), antennae	length, segments, legs (6/8), wings (bool), leg_span, abdomen_ratio	Leg-cycle walk on rock; water-surface skating with a ripple; nymph jet pulse	Crickets, water bugs, beetles, nymphs, fishing spiders, sea spiders
echinoderm	Urchins, stars, cucumbers, sea pigs	Radial: a lathed disc or ball with spines (urchin), five arms (star), a soft tube (cucumber), stubby legs (sea pig)	radius, arms (0/5), spine_length, tube (bool), legs (bool)	Near-static; urchin spines twitch; sea pig plods; brittle stars writhe	Urchins, crown-of-thorns, brittle stars, sand dollars, sea pigs, feather stars
burrower	Garden eels, sand eels, lampreys, tube-dwellers	A short anguilliform that lives half-hidden: only the front third is built when emerged	length, emerged_ratio, mouth (sucker/point)	Rises from the sand, retracts in 0.15 s; lamprey attaches with a sucker ring	Garden eel, sand eel, lamprey, silt lamprey, hagfish
bird	Cormorants, swiftlets	A fusiform body with two wing quads (folded or spread), a beak, thin legs	length, wingspan, beak_length, tail_length	Flapping in air; folded-wing torpedo dive underwater with a bubble trail	Cormorant, cave swiftlet
colony	Colonies, swarms, sessile masses	Many small instanced bodies (krill, crickets, glowworms) or a mass (snapping shrimp colony, bone worms, glowworm threads)	body_count, body_plan_of_parts, spread_radius, light (bool)	Instanced boids or a static mass with a shimmer	Krill, crickets, glowworms, snapping shrimp, bone worms, sand hoppers
leviathan	Bosses	The species' base plan scaled up with extra detail: plate rows, barnacles, scars, multiple eyes or lures; separate rig parts for jaw, tail, fins, and lure	base_plan, scale, plate_rows, barnacle_density, scar_count, extra_parts (lure/claws/fluke)	Slow, heavy: every motion has anticipation and overshoot; the jaw and tail are separate Chains	The Goliath, the Lobster, the Matriarch, the Wyrm, the Leviathan, the Sand Worm
