id	name	class	size	tier	tags	archetype	social	group_size	home_zone	home_flora	defend_radius_m	blood_threshold	aggression	fear	curiosity	sight_m	scent_m	hearing_m	electro_m	weak_point	armor_front	hp_base	bounty_base	blood_death	blood_per_s_wounded	speed_mps	turn_deg_s	drop_pct	hp_tide10	bounty_tide10	special
1	Bilge Sprat	Fish	1	1	schooler	Schooler	school	25	Salon		0	0	0	0.9	0.2	15	10	20	0	none	0	20	40	20	2	2.2	360	1	40	94	Flashes silver when the school breaks; 20 sprats = one shark's blood
2	Silverside	Fish	1	1	schooler	Schooler	school	30	Keel	Bladder kelp	0	0	0	0.9	0.2	15	10	20	0	none	0	20	40	20	2	2.2	360	1	40	94	School outside the hull; flashes draw barracuda by sight
3	Sergeant Major	Fish	1	1	territorial	Territorial	pair	2	Keel	Turf algae	3	0	0.3	0.6	0.3	12	8	10	0	none	0	20	40	20	2	2.2	360	1	40	94	Guards egg patches on the hull
4	Barnacle Goby	Fish	1	1		Grazer	solo	1	Cabins		0	0	0	0.9	0.2	8	6	10	0	none	0	20	40	20	2	2.2	360	1	40	94	Lives in pipes; the sea snake's prey
5	Cleaner Wrasse	Fish	1	0	cleaner	Grazer	solo	1	Galley		0	0	0	0.6	0.5	10	8	10	0	none	0	20	40	20	2	2.2	360	0	40	94	Cleaning station in the galley: hosts within 6 m lose 20% aggression; killing it raises host aggression 20% map-wide for 5 min
6	Cleaner Shrimp	Crustacean	1	0	cleaner	Grazer	group	6	Galley	Barrel sponge	0	0	0	0.6	0.5	6	6	6	0	none	0	20	40	20	2	2.2	360	0	40	94	Brushes parasites off a diver who holds still 3 s
7	Fiddler Crab	Crustacean	1	1		Grazer	group	8	Keel		0	0	0	0.9	0.2	8	6	8	0	underside	1	20	40	20	2	2.2	360	2	40	94	Waves a claw when a predator is within 20 m (free warning)
8	Hermit Crab	Crustacean	1	1	scavenger	Grazer	group	6	Keel		0	5	0	0.7	0.3	6	15	6	0	underside	1	20	40	20	2	2.2	360	2	40	94	Eats corpses: 0.5 blood/s removed per crab
9	Whelk	Mollusc	1	1		Grazer	solo	1	Keel	Coralline crust	0	0	0	0.2	0.1	3	4	3	0	none	1	20	40	20	2	2.2	360	3	40	94	Slow; free scrip
10	Sea Hare	Mollusc	2	1	toxic	Grazer	solo	1	Salon	Sea lettuce	0	0	0	0.5	0.2	5	6	5	0	none	0	60	80	40	4	2	300	3	120	189	Inks when shot: an 8 s ink cloud (cuts sight and scent)
11	Feather Duster Worm	Worm	1	1	sessile	Grazer	solo	1	Cabins		0	0	0	1	0	6	0	8	0	none	0	20	40	20	2	2.2	360	0	40	94	Retracts when anything passes within 2 m: a motion sensor
12	Rudder Krill	Crustacean	1	1	swarm	Swarmer	swarm	200	Engine	Luminous algae mat	0	0	0	0.8	0.5	4	4	4	0	none	0	20	40	20	2	2.2	360	0	40	94	One agent, 200 bodies; shooting it is loud and pointless
13	Parrotfish	Fish	2	1		Grazer	group	4	Keel	Turf algae	0	0	0	0.8	0.2	12	8	12	0	gills	0	60	80	40	4	2	300	3	120	189	Crunch = 3 noise every 4 s (draws barracuda); sleeps in a cocoon in cabins at night tides
14	Rabbitfish	Fish	2	1	venom	Grazer	group	5	Salon	Sea lettuce	0	0	0	0.8	0.2	12	8	12	0	gills	0	60	80	40	4	2	300	3	120	189	Venomous dorsal spines on contact
15	Damselfish	Fish	1	2	territorial	Territorial	group	6	Keel	Turf algae	4	0	0.6	0.3	0.4	10	6	10	0	none	0	20	40	20	2	2.2	360	2	40	94	A swarm of 1-damage bites inside its patch
16	Blenny	Fish	1	2		Ambusher	solo	1	Cabins		0	0	0.2	0.8	0.3	8	6	8	0	none	0	20	40	20	2	2.2	360	2	40	94	Pipe-dweller; harmless
17	Arrow Crab	Crustacean	1	2		Grazer	solo	1	Cabins	Sea fan	0	0	0	0.7	0.3	6	6	6	0	underside	1	20	40	20	2	2.2	360	2	40	94	On sea fans; harmless
18	Mantis Shrimp	Crustacean	2	2	burrower	Ambusher	solo	1	Keel		0	10	0.5	0.4	0.3	8	8	8	0	eyes	2	60	80	40	4	2	300	4	120	189	Burrows in sand; strikes from the hole
19	Lionfish	Fish	2	2	venom	Patroller	solo	1	Cabins		0	10	0.3	0.4	0.3	10	10	10	0	belly	0	60	80	40	4	2	300	4	120	189	Drifts through doorways; venom on contact
20	Squirrelfish	Fish	2	2	nocturnal	Patroller	group	3	Cabins		0	10	0.2	0.7	0.4	14	8	14	0	eyes	0	60	80	40	4	2	300	3	120	189	Night tides only; loud clicks (2 noise)
21	Reef Squid	Cephalopod	2	2		Schooler	school	8	Keel	Dead man's fingers	0	10	0.2	0.8	0.7	14	8	10	0	mantle	0	60	80	40	4	2	300	3	120	189	Inks when threatened; drawn to dead man's fingers
22	Cuttlefish	Cephalopod	2	2	camouflage	Ambusher	solo	1	Cabins		0	10	0.3	0.6	0.5	12	8	8	0	mantle	0	60	80	40	4	2	300	4	120	189	Camouflaged; hypnotic flashing
23	Banded Sea Snake	Reptile	2	2	venom,air-breather	Patroller	solo	1	Cabins		0	15	0.5	0.4	0.5	10	10	8	0	head	0	60	80	40	4	2	300	5	120	189	Must surface at the salon air pocket every 90 s
24	Stonefish	Fish	2	2	venom,camouflage	Ambusher	solo	1	Galley		0	0	0	0	0	4	4	4	0	belly	3	60	80	40	4	2	300	5	120	189	Invisible until stepped on; never moves
25	Jelly Bloom	Cnidarian	2	1	swarm,venom	Swarmer	swarm	40	Stern	Sargassum raft	0	0	0	0	0	0	0	0	0	none	0	60	80	40	4	2	300	0	120	189	Drifts under the sargassum and into the stern
26	Remora	Fish	1	0	parasite	Parasite	solo	1	Keel		0	5	0	0.6	0.8	10	10	8	0	none	0	20	40	20	2	2.2	360	1	40	94	Rides sharks, turtles, divers
27	Lamprey	Fish	2	0	parasite	Parasite	solo	1	Engine		0	10	0.4	0.4	0.6	10	15	8	0	none	0	60	80	40	4	2	300	2	120	189	Prefers wounded hosts
28	Green Moray	Fish	3	3	territorial	Ambusher	solo	1	Cabins	Sea fan	3	30	0.7	0.2	0.2	8	20	10	0	gills	1	250	180	60	6	1.8	180	6	500	424	Strikes 2 m from its pipe, retreats after 3 attacks
29	Great Barracuda	Fish	3	3		Patroller	solo	1	Salon		0	30	0.6	0.3	0.7	25	20	20	0	gills	0	250	180	60	6	1.8	180	6	500	424	Drawn to flashes (silversides, gunfire flash, lamps) and the parrotfish crunch
30	Grouper	Fish	3	3		Ambusher	solo	1	Engine		0	30	0.6	0.3	0.3	10	25	10	0	gills	1	250	180	60	6	1.8	180	6	500	424	Waits in engine-room shadows
31	Bluefin Trevally	Fish	3	3	pack	Pack hunter	pack	5	Keel		0	30	0.7	0.3	0.5	25	20	20	0	gills	0	250	180	60	6	1.8	180	6	500	424	Drives schools against the hull; flank and drive roles
32	Common Octopus	Cephalopod	3	3	thief	Ambusher	solo	1	Cabins	Barrel sponge	0	30	0.4	0.6	0.9	10	15	8	0	mantle	0	250	180	60	6	1.8	180	8	500	424	Kill it in its den to get the item back
33	Nurse Shark	Fish	3	0	scavenger,nocturnal	Grazer	solo	1	Keel		0	15	0.2	0.4	0.4	12	30	10	4	gills	1	250	180	60	6	1.8	180	5	500	424	Eats corpses at 3 blood/s: the map's best cleanup; docile
34	Hawksbill Turtle	Reptile	3	2	armored	Grazer	solo	1	Stern	Barrel sponge	0	0	0.1	0.5	0.3	12	10	10	0	neck	3	250	180	60	6	1.8	180	5	500	424	Eats sponges and the jelly bloom
35	Loggerhead Turtle	Reptile	4	3	armored	Grazer	solo	1	Keel		0	0	0.2	0.4	0.3	12	12	10	0	neck	4	900	400	80	8	2.4	120	6	1799	943	Eats crabs, whelks, mantis shrimp
36	Sand Tiger Shark	Fish	4	4		Wanderer	solo	1	Keel		0	60	0.6	0.1	0.5	20	40	20	6	gills	1	900	400	80	8	2.4	120	8	1799	943	Hangs motionless near the keel; investigates blood over 60
37	Bull Shark	Fish	4	4		Wanderer	solo	1	Stern		0	80	0.9	0.1	0.6	20	45	25	6	gills	1	900	400	80	8	2.4	120	8	1799	943	Enters through the breach; aggressive; attacks Wreckers on sight
38	Saltwater Crocodile	Reptile	5	4	amphibious,armored	Territorial	solo	1	Salon		8	100	0.8	0.1	0.3	15	35	20	0	throat	4	3000	900	100	10	2.6	70	10	5997	2122	Lives in the salon air pocket; eats turtles, bull sharks, Wreckers; leaves for the sand when the pocket shrinks
39	Tiger Shark	Fish	5	4		Wanderer	solo	1	Outside		0	150	0.9	0	0.7	30	80	30	8	gills	1	3000	900	100	10	2.6	70	10	5997	2122	Follows blood from anywhere on the map; eats enemies as readily as divers; leaves when fed
40	The Goliath	Fish	6	5	boss	Boss	solo	1	Engine		12	400	1	0	0.2	20	60	20	0	gills (behind the plates)	3	15000	1500	120	12	1.2	40	100	29985	3537	Guards the Forge; wanders from tide 12; see the boss fight
Blue = tunable input. Columns Y, Z, AD, AE are formulas. HP/bounty scale per tide via TideCurve.
