beast	class	size	tier	diet (from the diet matrix)	eaten by	weak point	field note	how to handle it	unlock
Blind Cavefish	Fish	1	grazer or filter feeder	Glow mould, Plankton	Fishing Spider, Giant Water Bug, Dragonfly Nymph, Firefly Squid, Cave Anglerfish, Cave Eel, Electric Ray, Blind Catfish, Snapping Turtle, Cave Krait, Current Runner	none	No eyes: ignores light, follows sound; the wet web's base	Shoot one and the rest scatter, then regroup; the school is a bank of blood you're spending.	kill or observe 30 s
Glass Shrimp	Crustacean	1	scavenger/cleaner/parasite	Parasites, Detritus	Troglobite Crab, Whip Ray	none	Transparent; the cave's cleaner station lives in the Gallery sponges	Harmless, and every dead one is blood in the water for nothing.	kill or observe 30 s
Cave Krill	Crustacean	1	grazer or filter feeder	Chemosynthetic mat	Firefly Squid, Lanternfish, Cave Sturgeon	none	One agent, 300 bodies over the vents	Ink it, wall it, or keep moving; standing still is the damage.	kill or observe 30 s
Cave Isopod	Crustacean	1	scavenger/cleaner/parasite	Corpse, Detritus	Olm, Cave Crayfish, Blind Catfish	underside	Silt scavenger: 0.3 blood/s removed each	Harmless, and every dead one is blood in the water for nothing.	kill or observe 30 s
Amphipod	Crustacean	1	grazer or filter feeder	Detritus, Cave moss	Troglobite Crab, Olm, Blind Newt, Diving Beetle, Dragonfly Nymph	none	Pools and puddles in the dry chambers	Harmless, and every dead one is blood in the water for nothing.	kill or observe 30 s
Troglobite Crab	Crustacean	2	small predator	Amphipod, Glass Shrimp	Whip Ray, Epaulette Shark	underside	Ghost-white; clicks in the dark (1 noise)	Harmless, and every dead one is blood in the water for nothing.	kill or observe 30 s
Olm	Amphibian	2	small predator	Amphipod, Cave Isopod	Giant Salamander	none	Blind; feels a rebreather through 8 m of rock; a living sonar for everything else (its movement toward divers is visible)	It has a route. Learn it and it's a clock; interrupt it and it's a hunter.	kill or observe 30 s
Blind Newt	Amphibian	2	small predator	Amphipod, Cave Cricket, Diving Beetle	Giant Cave Toad, Fishing Spider, Giant Water Bug, Snapping Turtle, Cave Krait	none	Pool dweller; harmless	Harmless, and every dead one is blood in the water for nothing.	kill or observe 30 s
Poison Dart Newt	Amphibian	1	small predator	Cave Cricket	nothing	none	Bright even in the dark	Harmless, and every dead one is blood in the water for nothing.	kill or observe 30 s
Giant Cave Toad	Amphibian	3	mid predator	Blind Newt, Cave Cricket, Diving Beetle, Giant Water Bug, Dragonfly Nymph, Diver	Cave Caiman	throat	Sits at the pool edge; croak is a 3-noise alarm	It waits where you'd stand. Look for the tell before you pass, or go around.	kill or observe 30 s
Cave Crayfish	Crustacean	2	small predator	Cave Isopod, Bristle Worm	Cave Eel, Electric Ray, Blind Catfish, Epaulette Shark, Giant Salamander	underside	Nests in root tangles; pinches divers who hide there	It warns before it bites. Leave the radius and it forgets you.	kill or observe 30 s
Fishing Spider	Insect (arachnid)	2	small predator	Blind Cavefish, Blind Newt	Cave Swiftlet	abdomen	Runs on the surface; drops from roots	It waits where you'd stand. Look for the tell before you pass, or go around.	kill or observe 30 s
Cave Cricket	Insect	1	grazer or filter feeder	Cave moss	Blind Newt, Poison Dart Newt, Giant Cave Toad, Glowworm Colony, Cave Swiftlet	none	Chirp swarm; goes silent when the Drowned pass (the warning)	Ink it, wall it, or keep moving; standing still is the damage.	kill or observe 30 s
Diving Beetle	Insect	1	small predator	Amphipod	Blind Newt, Giant Cave Toad	none	Carries a bubble; free scrip	Harmless, and every dead one is blood in the water for nothing.	kill or observe 30 s
Giant Water Bug	Insect	2	small predator	Blind Newt, Blind Cavefish	Giant Cave Toad	underside	Pierces the suit	It waits where you'd stand. Look for the tell before you pass, or go around.	kill or observe 30 s
Dragonfly Nymph	Insect	2	small predator	Blind Cavefish, Amphipod	Giant Cave Toad	underside	Jet-propelled; a lunging jaw	It waits where you'd stand. Look for the tell before you pass, or go around.	kill or observe 30 s
Glowworm Colony	Insect	1	grazer or filter feeder	Cave Cricket, Plankton	nothing recorded	none	Ceiling threads; curious species gather beneath; lights the Chimney	Harmless, and every dead one is blood in the water for nothing.	kill or observe 30 s
Firefly Squid	Cephalopod	2	small predator	Blind Cavefish, Cave Krill	Cave Anglerfish, Cave Eel, Current Runner, Gulper Eel	mantle	Flashes when threatened, lighting divers up for ambushers	Shoot one and the rest scatter, then regroup; the school is a bank of blood you're spending.	kill or observe 30 s
Lanternfish	Fish	2	grazer or filter feeder	Cave Krill	Gulper Eel	none	Sump school; its lights draw the gulper	Shoot one and the rest scatter, then regroup; the school is a bank of blood you're spending.	kill or observe 30 s
Cave Anglerfish	Fish	3	mid predator	Blind Cavefish, Firefly Squid	Sleeper Shark	belly	Its lure looks like a drop bottle from 15 m	It waits where you'd stand. Look for the tell before you pass, or go around.	kill or observe 30 s
Cave Eel	Fish	3	mid predator	Blind Cavefish, Firefly Squid, Cave Crayfish	Ghost Worm	gills	Wall-crack ambusher; rides slipstreams to relocate	It waits where you'd stand. Look for the tell before you pass, or go around.	kill or observe 30 s
Electric Ray	Fish	3	mid predator	Cave Crayfish, Blind Cavefish	nothing recorded	belly	Buried in silt	It waits where you'd stand. Look for the tell before you pass, or go around.	kill or observe 30 s
Blind Catfish	Fish	3	mid predator	Cave Crayfish, Blind Cavefish, Cave Isopod, Corpse	Giant Salamander, Silt Lamprey	gills	First mid predator to any corpse: threshold 25	It has a route. Learn it and it's a clock; interrupt it and it's a hunter.	kill or observe 30 s
Whip Ray	Fish	3	mid predator	Troglobite Crab, Glass Shrimp	Sleeper Shark	gills	Glides the Gallery; barbs if stepped on	Harmless, and every dead one is blood in the water for nothing.	kill or observe 30 s
Hagfish	Fish	2	scavenger/cleaner/parasite	Corpse	nothing recorded	none	Slimes divers who touch its corpse	Harmless, and every dead one is blood in the water for nothing.	kill or observe 30 s
Vampire Squid	Cephalopod	2	scavenger/cleaner/parasite	Detritus, Corpse	Gulper Eel	mantle	Sump drifter; cloak flashes when shot (a light burst that draws curious species)	Harmless, and every dead one is blood in the water for nothing.	kill or observe 30 s
Bristle Worm	Worm	2	scavenger/cleaner/parasite	Corpse, Chemosynthetic mat	Cave Crayfish, Epaulette Shark	none	Venomous bristles	Harmless, and every dead one is blood in the water for nothing.	kill or observe 30 s
Sea Spider	Crustacean-like	2	small predator	White anemone cluster, Cave sponge	nothing recorded	none	Slow; hollow; ignores divers	Harmless, and every dead one is blood in the water for nothing.	kill or observe 30 s
Cave Swiftlet	Bird	1	small predator	Cave Cricket, Fishing Spider	nothing recorded	none	Flies in the dry chambers; a startled flock is a 6-noise alarm	Shoot one and the rest scatter, then regroup; the school is a bank of blood you're spending.	kill or observe 30 s
Snapping Turtle	Reptile	3	mid predator	Blind Newt, Blind Cavefish, Stone lettuce	Cave Caiman	neck	Sits still in the pools	It waits where you'd stand. Look for the tell before you pass, or go around.	kill or observe 30 s
Cave Krait	Reptile	2	small predator	Blind Newt, Blind Cavefish	nothing recorded	head	Swims between pools; surfaces to breathe	It has a route. Learn it and it's a clock; interrupt it and it's a hunter.	kill or observe 30 s
Epaulette Shark	Fish	3	mid predator	Troglobite Crab, Cave Crayfish, Bristle Worm	nothing recorded	gills	Walks on its fins across dry rock between pools	It waits where you'd stand. Look for the tell before you pass, or go around.	kill or observe 30 s
Current Runner	Fish	3	mid predator	Blind Cavefish, Firefly Squid	nothing recorded	gills	Lives in the slipstreams; hits divers riding them	It has a route. Learn it and it's a clock; interrupt it and it's a hunter.	kill or observe 30 s
Cave Sturgeon	Fish	4	grazer or filter feeder	Cave Krill, Stone lettuce, Chemosynthetic mat	Sleeper Shark, Silt Lamprey	belly	Harmless armored grazer; 80 blood if killed: the sump's trap	Harmless, and every dead one is blood in the water for nothing.	kill or observe 30 s
Gulper Eel	Fish	4	mid predator	Lanternfish, Firefly Squid, Vampire Squid	Sleeper Shark, Silt Lamprey	belly	Swallows size 2 whole	It waits where you'd stand. Look for the tell before you pass, or go around.	kill or observe 30 s
Giant Salamander	Amphibian	4	apex	Olm, Cave Crayfish, Blind Catfish, Diver	Cave Caiman	throat	Under the pool ledges	It waits where you'd stand. Look for the tell before you pass, or go around.	kill or observe 30 s
Cave Caiman	Reptile	4	apex	Giant Cave Toad, Snapping Turtle, Giant Salamander, Diver, The Drowned	Sleeper Shark, The Lobster	throat	Walks both webs; attacks the Drowned by habit (cold things)	It has a route. Learn it and it's a clock; interrupt it and it's a hunter.	kill or observe 30 s
Sleeper Shark	Fish	5	apex	Cave Caiman, Gulper Eel, Cave Sturgeon, Corpse, Whip Ray, Cave Anglerfish	The Lobster	gills	Slow, silent, cold; nearly invisible in silt; threshold 120	It comes for blood from far away and leaves when it's fed. Feed it something else.	kill or observe 30 s
Ghost Worm	Worm	4	apex	The Drowned, Cave Eel	nothing	mouth	From Depth's Cave: attacks the Drowned on sight and any diver who shoots it; lives in the walls between the Gallery and the Sump	It warns before it bites. Leave the radius and it forgets you.	kill or observe 30 s
Silt Lamprey	Fish	1	scavenger/cleaner/parasite	Blind Catfish, Cave Sturgeon, Gulper Eel	nothing recorded	none	Sump parasite	Brush it off or it turns you into bait.	kill or observe 30 s
The Lobster	Crustacean	6	boss	Cave Caiman, Diver, Sleeper Shark, The Drowned	nothing	underside (when reared)	From Depth's Cave; the crystal coral calls it; see Boss	See the ship's log.	kill or observe 30 s
Glow mould	flora: Luminous producer						Base of the wet web; lights corridors; brighter where cavefish are fewer		touch, shoot, or observe 30 s
Chemosynthetic mat	flora: Producer						Base of the sump web at the vents		touch, shoot, or observe 30 s
Pale cave moss	flora: Producer						Insect and newt food		touch, shoot, or observe 30 s
Snottite curtain	flora: Hazard						Acid drip: 5/s underneath		touch, shoot, or observe 30 s
Crystal coral	flora: Hazard/Tool						Sharp (bleed on touch); shooting a cluster rings it: calls the Lobster and makes it Rear		touch, shoot, or observe 30 s
Root tangle	flora: Shelter						Hides divers; crayfish and spiders nest here		touch, shoot, or observe 30 s
Drip fungus	flora: Hazard						Spore cloud when disturbed: slow 30% for 5 s		touch, shoot, or observe 30 s
Ink cap	flora: Tool						Bursts into an 8 s ink cloud when shot		touch, shoot, or observe 30 s
Bloodvine	flora: Tool/Trap						Cut or shot: smells like 40 blood for 30 s		touch, shoot, or observe 30 s
Cave sponge	flora: Shelter						Glass shrimp and sponges' guests inside		touch, shoot, or observe 30 s
White anemone cluster	flora: Hazard						Holds size 1; stings divers 8		touch, shoot, or observe 30 s
Stone lettuce	flora: Producer						Sturgeon and snapping turtle food		touch, shoot, or observe 30 s
