beast	class	size	body_plan	length_m	girth_ratio	head_ratio	tail_or_limb	fins_or_legs	eye_size	mouth	armor_plates	luminous	base_tone	belly_tone	accent	material	chains	idle	distinctive_part	lod_billboard_m	ink_weight_px
Blind Cavefish	Fish	1	fusiform	0.11	0.27	0.28	pointed	dorsal x2, pectoral, pelvic, anal	none	small	no	no	glow-mould green	silt brown	phosphor teal	scale (specular, wet)	none (fins are quads)	hover with slow tail sweeps, pectorals fanning	as the plan; distinguish by tone and scale	40	1.5
Glass Shrimp	Crustacean	1	shrimp	0.28	0.23	0.29	fan tail	swimmerets	medium	small	no	no	silt brown	wet slate	phosphor teal	shell (hard, glossy)	2 antenna Chains	antenna sweep, fan tail twitch	as the plan; distinguish by tone and scale	40	1.5
Cave Krill	Crustacean	1	colony	0.14	0	0.29	n/a		medium	none	no	no	ink black	glow-mould green	phosphor teal	shell (hard, glossy)	none	shimmer	as the plan; distinguish by tone and scale	40	1.5
Cave Isopod	Crustacean	1	crab	0.27	0.8	0.26	8 legs + claws	legs 8, claws 2	medium	small	yes	no	wet slate	silt brown	phosphor teal	shell (hard, glossy)	2 antenna Chains	claw cleaning, sidestep	as the plan; distinguish by tone and scale	40	1.5
Amphipod	Crustacean	1	colony	0.15	0	0.31	n/a		medium	none	no	no	bone white	silt brown	snottite yellow	shell (hard, glossy)	none	shimmer	as the plan; distinguish by tone and scale	40	1.5
Troglobite Crab	Crustacean	2	crab	0.55	0.8	0.28	8 legs + claws	legs 8, claws 2	medium	small	yes	no	wet slate	glow-mould green	phosphor teal	shell (hard, glossy)	2 antenna Chains	claw cleaning, sidestep	as the plan; distinguish by tone and scale	40	1.5
Olm	Amphibian	2	amphibian	0.49	0.28	0.35	tail		huge	small	no	no	glow-mould green	wet slate	snottite yellow	skin (soft, wet sheen)	tongue Chain (toad); tail Chain (salamander)	throat pulse, blink	pink, eyeless, external gills	40	1.5
Blind Newt	Amphibian	2	amphibian	0.59	0.23	0.35	tail		none	small	no	no	silt brown	silt brown	phosphor teal	skin (soft, wet sheen)	tongue Chain (toad); tail Chain (salamander)	throat pulse, blink	as the plan; distinguish by tone and scale	40	1.5
Poison Dart Newt	Amphibian	1	amphibian	0.28	0.24	0.35	tail		medium	small	no	no	wet slate	silt brown	warning phosphor teal	skin (soft, wet sheen)	tongue Chain (toad); tail Chain (salamander)	throat pulse, blink	as the plan; distinguish by tone and scale	40	1.5
Giant Cave Toad	Amphibian	3	amphibian	1.12	0.32	0.35	hind legs		medium	gape	no	no	bone white	silt brown	phosphor teal	skin (soft, wet sheen)	tongue Chain (toad); tail Chain (salamander)	throat pulse, blink	warty, throat sac	80	1.5
Cave Crayfish	Crustacean	2	crab	0.37	0.8	0.28	8 legs + claws	legs 8, claws 2	medium	small	yes	no	wet slate	wet slate	phosphor teal	shell (hard, glossy)	2 antenna Chains	claw cleaning, sidestep	as the plan; distinguish by tone and scale	40	1.5
Fishing Spider	Insect (arachnid)	2	insect	0.66	0.22	0.23	8 legs	legs	medium	small	no	no	bone white	glow-mould green	phosphor teal	chitin	antenna Chains	leg twitch, antenna sweep	as the plan; distinguish by tone and scale	40	1.5
Cave Cricket	Insect	1	colony	0.23	0	0.25	n/a		medium	none	no	no	silt brown	glow-mould green	snottite yellow	chitin (glossy)	none	shimmer	as the plan; distinguish by tone and scale	40	1.5
Diving Beetle	Insect	1	insect	0.1	0.3	0.24	6 legs	legs	medium	small	no	no	glow-mould green	bone white	snottite yellow	chitin (glossy)	antenna Chains	leg twitch, antenna sweep	as the plan; distinguish by tone and scale	40	1.5
Giant Water Bug	Insect	2	insect	0.64	0.29	0.27	6 legs	legs	medium	small	no	no	glow-mould green	ink black	snottite yellow	chitin (glossy)	antenna Chains	leg twitch, antenna sweep	as the plan; distinguish by tone and scale	40	1.5
Dragonfly Nymph	Insect	2	insect	0.62	0.31	0.25	6 legs	legs	medium	small	no	no	ink black	ink black	snottite yellow	chitin (glossy)	antenna Chains	leg twitch, antenna sweep	as the plan; distinguish by tone and scale	40	1.5
Glowworm Colony	Insect	1	colony	0.28	0	0.29	n/a		medium	none	no	yes	ink black	silt brown	snottite yellow	chitin (glossy)	none	shimmer	as the plan; distinguish by tone and scale	40	1.5
Firefly Squid	Cephalopod	2	cephalopod	0.44	0.24	0.4	10 arms	mantle fins	huge	beak	no	yes	silt brown	glow-mould green	snottite yellow	skin (chromatophore, soft)	8-10 arm Chains	arm curl, chromatophore drift	as the plan; distinguish by tone and scale	40	1.5
Lanternfish	Fish	2	fusiform	0.8	0.29	0.28	forked	dorsal x2, pectoral, pelvic, anal	medium	small	no	yes	ink black	silt brown	phosphor teal	scale (specular, wet)	none (fins are quads)	hover with slow tail sweeps, pectorals fanning	as the plan; distinguish by tone and scale	40	1.5
Cave Anglerfish	Fish	3	fusiform	1.11	0.27	0.23	rounded	dorsal x1, pectoral, pelvic, anal	medium	gape	no	yes	ink black	wet slate	snottite yellow	scale (specular, wet)	none (fins are quads)	hover with slow tail sweeps, pectorals fanning	a lure shaped like a drop bottle	80	1.5
Cave Eel	Fish	3	anguilliform	1.24	0.06	0.24	continuous fin		medium	hinged gape	no	no	bone white	bone white	phosphor teal	scale (specular, wet)	the whole body is a Chain	slow S-wave, head questing	as the plan; distinguish by tone and scale	80	1.5
Electric Ray	Fish	3	depressiform	1.82	0.9	0.24	whip	wing edges	top-mounted	gape	no	no	silt brown	wet slate	snottite yellow	scale (specular, wet)	tail Chain	wing-edge ripple, settles into silt	as the plan; distinguish by tone and scale	80	1.8
Blind Catfish	Fish	3	fusiform	1.8	0.22	0.26	pointed	dorsal x1, pectoral, pelvic, anal	none	gape	no	no	glow-mould green	silt brown	phosphor teal	scale (specular, wet)	none (fins are quads)	hover with slow tail sweeps, pectorals fanning	as the plan; distinguish by tone and scale	80	1.8
Whip Ray	Fish	3	depressiform	1.04	0.9	0.24	whip	wing edges	top-mounted	gape	no	no	silt brown	glow-mould green	phosphor teal	scale (specular, wet)	tail Chain	wing-edge ripple, settles into silt	as the plan; distinguish by tone and scale	80	1.5
Hagfish	Fish	2	burrower	0.36	0.07000000000000001	0.25	buried		medium	small	no	no	bone white	silt brown	phosphor teal	scale (specular, wet)	body Chain	half-emerged sway	as the plan; distinguish by tone and scale	40	1.5
Vampire Squid	Cephalopod	2	cephalopod	0.58	0.23	0.4	10 arms	mantle fins	huge	beak	no	no	wet slate	silt brown	snottite yellow	skin (chromatophore, soft)	8-10 arm Chains	arm curl, chromatophore drift	as the plan; distinguish by tone and scale	40	1.5
Bristle Worm	Worm	2	anguilliform	0.7	0.06	0.27	continuous fin		medium	hinged gape	no	no	wet slate	bone white	warning phosphor teal	skin (translucent)	the whole body is a Chain	slow S-wave, head questing	as the plan; distinguish by tone and scale	40	1.5
Sea Spider	Crustacean-like	2	insect	0.89	0.31	0.27	8 legs	legs	medium	small	no	no	ink black	ink black	phosphor teal	shell	antenna Chains	leg twitch, antenna sweep	as the plan; distinguish by tone and scale	40	1.5
Cave Swiftlet	Bird	1	bird	0.18	0.3	0.24	tail feathers	wings	medium	small	no	no	wet slate	bone white	phosphor teal	feather (matte)	none	wing shrug, head bob	as the plan; distinguish by tone and scale	40	1.5
Snapping Turtle	Reptile	3	turtle	1.3	0.26	0.31	flippers		medium	gape	yes	no	bone white	bone white	snottite yellow	scute (matte, hard)	none	slow flipper strokes, head scans	as the plan; distinguish by tone and scale	80	1.5
Cave Krait	Reptile	2	snake	0.43	0.05	0.3	paddle tail		medium	small	no	no	glow-mould green	bone white	warning phosphor teal	scute (matte, hard)	body Chain	gentle coil and uncoil	as the plan; distinguish by tone and scale	40	1.5
Epaulette Shark	Fish	3	shark	1.17	0.33	0.29	heterocercal	triangular dorsal, pectorals	small	underslung gape	no	no	ink black	wet slate	snottite yellow	scale (specular, wet)	none; tail on a bone	endless slow cruise, never still	as the plan; distinguish by tone and scale	80	1.5
Current Runner	Fish	3	fusiform	1.04	0.33	0.31	pointed	dorsal x2, pectoral, pelvic, anal	medium	gape	no	no	silt brown	bone white	snottite yellow	scale (specular, wet)	none (fins are quads)	hover with slow tail sweeps, pectorals fanning	sail fin, streamlined	80	1.5
Cave Sturgeon	Fish	4	fusiform	4.3	0.31	0.22	lunate	dorsal x2, pectoral, pelvic, anal	medium	gape	yes	no	bone white	silt brown	snottite yellow	scale (specular, wet)	none (fins are quads)	hover with slow tail sweeps, pectorals fanning	as the plan; distinguish by tone and scale	80	4.3
Gulper Eel	Fish	4	anguilliform	3.9	0.06	0.25	continuous fin		medium	hinged gape	no	no	bone white	wet slate	snottite yellow	scale (specular, wet)	the whole body is a Chain	slow S-wave, head questing	as the plan; distinguish by tone and scale	80	3.9
Giant Salamander	Amphibian	4	amphibian	4.24	0.31	0.35	tail		medium	gape	no	no	glow-mould green	bone white	phosphor teal	skin (soft, wet sheen)	tongue Chain (toad); tail Chain (salamander)	throat pulse, blink	as the plan; distinguish by tone and scale	80	4.2
Cave Caiman	Reptile	4	crocodilian	4.18	0.32	0.28	tapered tail + 4 legs		ridged	long jaw	yes	no	ink black	silt brown	phosphor teal	scute (matte, hard)	tail Chain	float motionless, eyes above	as the plan; distinguish by tone and scale	80	4.2
Sleeper Shark	Fish	5	shark	7.87	0.31	0.24	heterocercal	triangular dorsal, pectorals	huge	underslung gape	no	no	wet slate	glow-mould green	snottite yellow	scale (specular, wet)	none; tail on a bone	endless slow cruise, never still	parasite-clouded eyes, silt on the back	80	6
Ghost Worm	Worm	4	anguilliform	2.64	0.06	0.23	continuous fin		medium	hinged gape	no	no	glow-mould green	silt brown	phosphor teal	skin (translucent)	the whole body is a Chain	slow S-wave, head questing	pale, translucent, glowing wall-cracks	80	2.6
Silt Lamprey	Fish	1	burrower	0.26	0.07000000000000001	0.31	buried		medium	small	no	no	ink black	glow-mould green	snottite yellow	scale (specular, wet)	body Chain	half-emerged sway	as the plan; distinguish by tone and scale	40	1.5
The Lobster	Crustacean	6	leviathan	18.72	0.3	0.35	see base plan		tiny, many	gape	yes	no	wet slate	silt brown	phosphor teal	shell (hard, glossy)	jaw, tail, fins, lure as separate Chains	breathing heave, barnacle drips	crystal shards in the shell	80	6
